{
    "foreground_intensity_properties_per_channel": {
        "0": {
            "max": 65535.0,
            "mean": 12284.06640625,
            "median": 99.0,
            "min": 0.0,
            "percentile_00_5": 0.0,
            "percentile_99_5": 49453.0,
            "std": 18195.642578125
        }
    },
    "median_relative_size_after_cropping": 0.9639660214454812,
    "shapes_after_crop": [
        [
            1,
            2688,
            2688
        ],
        [
            1,
            2688,
            2688
        ],
        [
            1,
            2688,
            2688
        ],
        [
            1,
            2688,
            2688
        ],
        [
            1,
            2688,
            2688
        ],
        [
            1,
            2688,
            2688
        ],
        [
            1,
            864,
            750
        ],
        [
            1,
            864,
            750
        ],
        [
            1,
            864,
            750
        ],
        [
            1,
            832,
            832
        ],
        [
            1,
            832,
            832
        ],
        [
            1,
            832,
            832
        ],
        [
            1,
            832,
            832
        ],
        [
            1,
            1675,
            2275
        ],
        [
            1,
            1675,
            2275
        ],
        [
            1,
            1675,
            2275
        ],
        [
            1,
            1675,
            2275
        ],
        [
            1,
            1675,
            2275
        ],
        [
            1,
            1675,
            2275
        ]
    ],
    "spacings": [
        [
            999,
            1,
            1
        ],
        [
            999,
            1,
            1
        ],
        [
            999,
            1,
            1
        ],
        [
            999,
            1,
            1
        ],
        [
            999,
            1,
            1
        ],
        [
            999,
            1,
            1
        ],
        [
            999,
            1,
            1
        ],
        [
            999,
            1,
            1
        ],
        [
            999,
            1,
            1
        ],
        [
            999,
            1,
            1
        ],
        [
            999,
            1,
            1
        ],
        [
            999,
            1,
            1
        ],
        [
            999,
            1,
            1
        ],
        [
            999,
            1,
            1
        ],
        [
            999,
            1,
            1
        ],
        [
            999,
            1,
            1
        ],
        [
            999,
            1,
            1
        ],
        [
            999,
            1,
            1
        ],
        [
            999,
            1,
            1
        ]
    ]
}